,trivial_name,sequence,type,mol_weight,seq_length,peptide,name,doi,category,category_id,cpp_id,extra_name,origin
0,,AGCKNFFWKTFSC,,,13.0,cpp,Prediction of Cell Penetrating Peptides by Support Vector Machines,10.1371/journal.pcbi.1002101,cpp,,,,
1,,AHALCLTERQIKSNRRMKWWKEN,,,23.0,cpp,Prediction of Cell Penetrating Peptides by Support Vector Machines,10.1371/journal.pcbi.1002101,cpp,,,,
2,,CYFQNCPRG,,,9.0,cpp,Prediction of Cell Penetrating Peptides by Support Vector Machines,10.1371/journal.pcbi.1002101,cpp,,,,
3,,DFDMLRCMLGRVYRPCWQV,,,19.0,cpp,Prediction of Cell Penetrating Peptides by Support Vector Machines,10.1371/journal.pcbi.1002101,cpp,,,,
4,,EILLPNNYNAYESYKYPGMFIALSK,,,25.0,cpp,Prediction of Cell Penetrating Peptides by Support Vector Machines,10.1371/journal.pcbi.1002101,cpp,,,,
5,,FITKALGISYGRKKRRQC,,,18.0,cpp,Prediction of Cell Penetrating Peptides by Support Vector Machines,10.1371/journal.pcbi.1002101,cpp,,,,
6,,FVPIFTHSELQKIREKERNKGQ,,,22.0,cpp,Prediction of Cell Penetrating Peptides by Support Vector Machines,10.1371/journal.pcbi.1002101,cpp,,,,
7,,GRKKRRQPPQC,,,11.0,cpp,Prediction of Cell Penetrating Peptides by Support Vector Machines,10.1371/journal.pcbi.1002101,cpp,,,,
8,,GWTLNSAGYLLGKFLPLILRKIVTAL,,,26.0,cpp,Prediction of Cell Penetrating Peptides by Support Vector Machines,10.1371/journal.pcbi.1002101,cpp,,,,
9,,GWTLNSAGYLLGKINKLAPAALAKKIL,,,27.0,cpp,Prediction of Cell Penetrating Peptides by Support Vector Machines,10.1371/journal.pcbi.1002101,cpp,,,,
10,,GWTLNSAGYLLGPHAI,,,16.0,cpp,Prediction of Cell Penetrating Peptides by Support Vector Machines,10.1371/journal.pcbi.1002101,cpp,,,,
11,,GWTNLSAGYLLGPPPGFSPFR,,,21.0,cpp,Prediction of Cell Penetrating Peptides by Support Vector Machines,10.1371/journal.pcbi.1002101,cpp,,,,
12,,HDEFERHAEGTFTSDVSSYLEGQAAKEFIAWLVKGR,,,36.0,cpp,Prediction of Cell Penetrating Peptides by Support Vector Machines,10.1371/journal.pcbi.1002101,cpp,,,,
13,,IAARIKLRSRQHIKLRHL,,,18.0,cpp,Prediction of Cell Penetrating Peptides by Support Vector Machines,10.1371/journal.pcbi.1002101,cpp,,,,
14,,ILRRRIKQAH AHSK,,,15.0,cpp,Prediction of Cell Penetrating Peptides by Support Vector Machines,10.1371/journal.pcbi.1002101,cpp,,,,
15,,KIWFQNRRMK,,,10.0,cpp,Prediction of Cell Penetrating Peptides by Support Vector Machines,10.1371/journal.pcbi.1002101,cpp,,,,
16,,KKKQYTSIHHGVEVD,,,15.0,cpp,Prediction of Cell Penetrating Peptides by Support Vector Machines,10.1371/journal.pcbi.1002101,cpp,,,,
17,,KKLSECLKRIGDELDS,,,16.0,cpp,Prediction of Cell Penetrating Peptides by Support Vector Machines,10.1371/journal.pcbi.1002101,cpp,,,,
18,,KLALKALKAALKLA,,,14.0,cpp,Prediction of Cell Penetrating Peptides by Support Vector Machines,10.1371/journal.pcbi.1002101,cpp,,,,
19,,KLALKLALKALKAA,,,14.0,cpp,Prediction of Cell Penetrating Peptides by Support Vector Machines,10.1371/journal.pcbi.1002101,cpp,,,,
20,,LLGKINKLALAALAKKIL,,,18.0,cpp,Prediction of Cell Penetrating Peptides by Support Vector Machines,10.1371/journal.pcbi.1002101,cpp,,,,
21,,LLKTTALLKTTALLKTTA,,,18.0,cpp,Prediction of Cell Penetrating Peptides by Support Vector Machines,10.1371/journal.pcbi.1002101,cpp,,,,
22,,LLKTTELLKTTELLKTTE,,,18.0,cpp,Prediction of Cell Penetrating Peptides by Support Vector Machines,10.1371/journal.pcbi.1002101,cpp,,,,
23,,LNSAGYLLGKALAALAKKIL,,,20.0,cpp,Prediction of Cell Penetrating Peptides by Support Vector Machines,10.1371/journal.pcbi.1002101,cpp,,,,
24,,LNSAGYLLGK LALAALAK,,,19.0,cpp,Prediction of Cell Penetrating Peptides by Support Vector Machines,10.1371/journal.pcbi.1002101,cpp,,,,
25,,LRKKKKH,,,7.0,cpp,Prediction of Cell Penetrating Peptides by Support Vector Machines,10.1371/journal.pcbi.1002101,cpp,,,,
26,,PVVHLTLRQAGDDFSR,,,16.0,cpp,Prediction of Cell Penetrating Peptides by Support Vector Machines,10.1371/journal.pcbi.1002101,cpp,,,,
27,,QNLGNQWAVGHLM,,,13.0,cpp,Prediction of Cell Penetrating Peptides by Support Vector Machines,10.1371/journal.pcbi.1002101,cpp,,,,
28,,RPPGFSPFR,,,9.0,cpp,Prediction of Cell Penetrating Peptides by Support Vector Machines,10.1371/journal.pcbi.1002101,cpp,,,,
29,,RQIKIFFQNRRMKFKK,,,16.0,cpp,Prediction of Cell Penetrating Peptides by Support Vector Machines,10.1371/journal.pcbi.1002101,cpp,,,,
30,,RQIKIWFQNRRM,,,12.0,cpp,Prediction of Cell Penetrating Peptides by Support Vector Machines,10.1371/journal.pcbi.1002101,cpp,,,,
31,,RQIKIWFQNRRMKWK,,,15.0,cpp,Prediction of Cell Penetrating Peptides by Support Vector Machines,10.1371/journal.pcbi.1002101,cpp,,,,
32,,TERQIKIWFQNRRMK,,,15.0,cpp,Prediction of Cell Penetrating Peptides by Support Vector Machines,10.1371/journal.pcbi.1002101,cpp,,,,
33,,WSYGLRPG,,,8.0,cpp,Prediction of Cell Penetrating Peptides by Support Vector Machines,10.1371/journal.pcbi.1002101,cpp,,,,
74,,AGYLLGKLKALAALAKKIL,,,19.0,cpp,TargetCPP: accurate prediction of cell-penetrating peptides from optimized multi-scale features using gradient boost decision tree,doi.org/10.1007/s10822-020-00307-z,cpp,,,,
86,,GALFLGFLGAAGSTMGAWSQPKSKRKV,,,27.0,cpp,TargetCPP: accurate prediction of cell-penetrating peptides from optimized multi-scale features using gradient boost decision tree,doi.org/10.1007/s10822-020-00307-z,cpp,,,,
90,,GRKKRRQ,,,7.0,cpp,TargetCPP: accurate prediction of cell-penetrating peptides from optimized multi-scale features using gradient boost decision tree,doi.org/10.1007/s10822-020-00307-z,cpp,,,,
92,,GRKKRRQRRRC,,,11.0,cpp,TargetCPP: accurate prediction of cell-penetrating peptides from optimized multi-scale features using gradient boost decision tree,doi.org/10.1007/s10822-020-00307-z,cpp,,,,
93,,GRKKRRQRRRPPC,,,13.0,cpp,TargetCPP: accurate prediction of cell-penetrating peptides from optimized multi-scale features using gradient boost decision tree,doi.org/10.1007/s10822-020-00307-z,cpp,,,,
94,,GRKKRRQRRRPQ,,,12.0,cpp,TargetCPP: accurate prediction of cell-penetrating peptides from optimized multi-scale features using gradient boost decision tree,doi.org/10.1007/s10822-020-00307-z,cpp,,,,
101,,GWTLNSKINLKALAALAKKIL,,,21.0,cpp,TargetCPP: accurate prediction of cell-penetrating peptides from optimized multi-scale features using gradient boost decision tree,doi.org/10.1007/s10822-020-00307-z,cpp,,,,
112,,KITLKLAIKAWKLALKAA,,,18.0,cpp,TargetCPP: accurate prediction of cell-penetrating peptides from optimized multi-scale features using gradient boost decision tree,doi.org/10.1007/s10822-020-00307-z,cpp,,,,
117,,KLALKLALKALQAALQLA,,,18.0,cpp,TargetCPP: accurate prediction of cell-penetrating peptides from optimized multi-scale features using gradient boost decision tree,doi.org/10.1007/s10822-020-00307-z,cpp,,,,
125,,LKTLTETLKELTKTLTEL,,,18.0,cpp,TargetCPP: accurate prediction of cell-penetrating peptides from optimized multi-scale features using gradient boost decision tree,doi.org/10.1007/s10822-020-00307-z,cpp,,,,
140,,PKKKRKV,,,7.0,cpp,TargetCPP: accurate prediction of cell-penetrating peptides from optimized multi-scale features using gradient boost decision tree,doi.org/10.1007/s10822-020-00307-z,cpp,,,,
145,,RGGRLSYSRRRFSTSTGR,,,18.0,cpp,TargetCPP: accurate prediction of cell-penetrating peptides from optimized multi-scale features using gradient boost decision tree,doi.org/10.1007/s10822-020-00307-z,cpp,,,,
147,,RKKRRQRRR,,,9.0,cpp,TargetCPP: accurate prediction of cell-penetrating peptides from optimized multi-scale features using gradient boost decision tree,doi.org/10.1007/s10822-020-00307-z,cpp,,,,
160,,RRRRRRRRR,,,9.0,cpp,TargetCPP: accurate prediction of cell-penetrating peptides from optimized multi-scale features using gradient boost decision tree,doi.org/10.1007/s10822-020-00307-z,cpp,,,,
173,,VQAILRRNWNQYKIQ,,,15.0,cpp,TargetCPP: accurate prediction of cell-penetrating peptides from optimized multi-scale features using gradient boost decision tree,doi.org/10.1007/s10822-020-00307-z,cpp,,,,
224,6-Oct,GRKRKKRT,C,1029.26,8.0,cpp,Screening of a Cell-Penetrating Peptide Library in Escherichia coli: Relationship between Cell Penetration Efficiency and Cytotoxicity,10.1021/acsomega.8b02348,cpp,,,6-Oct,
253,Inv3,TKRRITPKDVIDVRSVTTEINT,H,2542.92,22.0,cpp,Screening of a Cell-Penetrating Peptide Library in Escherichia coli: Relationship between Cell Penetration Efficiency and Cytotoxicity,10.1021/acsomega.8b02348,cpp,,,Inv3,
48,,KKAAQIRSQVMTHLRVI,,,17.0,,Prediction of Cell-Penetrating Peptides Using Artificial Neural Networks,10.2174/157340910791202478,natural_cpp,,,,
50,,RRKLSQQKEKK,,,11.0,,Prediction of Cell-Penetrating Peptides Using Artificial Neural Networks,10.2174/157340910791202478,natural_cpp,,,,
67,,VQRKRQKLMP,,,10.0,,Prediction of Cell-Penetrating Peptides Using Artificial Neural Networks,10.2174/157340910791202478,natural_cpp,,,,
74,,AAAAARRRIRKQAHAHSK,,,18.0,,CPPsite: a curated database of cell penetrating peptides,10.1093/database/bas015,natural_cpp,,,,
87,,ADVFDRGGPYLQRGVADLVPTATLLDTYSP,,,30.0,,CPPsite: a curated database of cell penetrating peptides,10.1093/database/bas015,natural_cpp,,,,
96,,AKKRRQRRR,,,9.0,,CPPsite: a curated database of cell penetrating peptides,10.1093/database/bas015,natural_cpp,,,,
98,,ALIILRRRIRKQAHAHSK,,,18.0,,CPPsite: a curated database of cell penetrating peptides,10.1093/database/bas015,natural_cpp,,,,
101,,ALWMRWYSPTTRRYG,,,15.0,,CPPsite: a curated database of cell penetrating peptides,10.1093/database/bas015,natural_cpp,,,,
105,,ARTINAQQAELDSALLAAAGFGNTTADVFDRG,,,32.0,,CPPsite: a curated database of cell penetrating peptides,10.1093/database/bas015,natural_cpp,,,,
122,,CRWRWKSSKK,,,10.0,,CPPsite: a curated database of cell penetrating peptides,10.1093/database/bas015,natural_cpp,,,,
143,,EEEAA,,,5.0,,CPPsite: a curated database of cell penetrating peptides,10.1093/database/bas015,natural_cpp,,,,
145,,EEEAAKKK,,,8.0,,CPPsite: a curated database of cell penetrating peptides,10.1093/database/bas015,natural_cpp,,,,
146,,EKGKKIFIMK,,,10.0,,CPPsite: a curated database of cell penetrating peptides,10.1093/database/bas015,natural_cpp,,,,
148,,ELALELALEALEAALELA,,,18.0,,CPPsite: a curated database of cell penetrating peptides,10.1093/database/bas015,natural_cpp,,,,
152,,ERKKRRRE,,,8.0,,CPPsite: a curated database of cell penetrating peptides,10.1093/database/bas015,natural_cpp,,,,
155,,FFFAAGRKRKKRT,,,13.0,,CPPsite: a curated database of cell penetrating peptides,10.1093/database/bas015,natural_cpp,,,,
158,,FITKALGISYGRKKRR,,,16.0,,CPPsite: a curated database of cell penetrating peptides,10.1093/database/bas015,natural_cpp,,,,
160,,FKKFRKF,,,7.0,,CPPsite: a curated database of cell penetrating peptides,10.1093/database/bas015,natural_cpp,,,,
165,,FQWQRNMRKVRGPPVS,,,16.0,,CPPsite: a curated database of cell penetrating peptides,10.1093/database/bas015,natural_cpp,,,,
173,,GDVYADAAPDLFDFLDSSVTTARTINA,,,27.0,,CPPsite: a curated database of cell penetrating peptides,10.1093/database/bas015,natural_cpp,,,,
193,,GKYVSLTTPKNPTKRRITPKDV,,,22.0,,CPPsite: a curated database of cell penetrating peptides,10.1093/database/bas015,natural_cpp,,,,
197,,GLGDKFGESIVNANTVLDDLNSRMPQSRHDIQQL,,,34.0,,CPPsite: a curated database of cell penetrating peptides,10.1093/database/bas015,natural_cpp,,,,
217,,GRKKRRQARAPPQC,,,14.0,,CPPsite: a curated database of cell penetrating peptides,10.1093/database/bas015,natural_cpp,,,,
220,,GRKKRRQRPPQC,,,12.0,,CPPsite: a curated database of cell penetrating peptides,10.1093/database/bas015,natural_cpp,,,,
246,,GSGKKGGKKICQKY,,,14.0,,CPPsite: a curated database of cell penetrating peptides,10.1093/database/bas015,natural_cpp,,,,
255,,GWTLNSAGYLLGKINLKAPAALAKKIL,,,27.0,,CPPsite: a curated database of cell penetrating peptides,10.1093/database/bas015,natural_cpp,,,,
257,,GWTLNSAGYLLGPHAVGNHRSFSDKNGLTS,,,30.0,,CPPsite: a curated database of cell penetrating peptides,10.1093/database/bas015,natural_cpp,,,,
276,,ILRRRIRKQAHAHSK,,,15.0,,CPPsite: a curated database of cell penetrating peptides,10.1093/database/bas015,natural_cpp,,,,
290,,KCFMWQEMLNKAGVPKLRCARK,,,22.0,,CPPsite: a curated database of cell penetrating peptides,10.1093/database/bas015,natural_cpp,,,,
291,,KCFQWQRNMRKVR,,,13.0,,CPPsite: a curated database of cell penetrating peptides,10.1093/database/bas015,natural_cpp,,,,
294,,KCFQWQRNMRKVRGPPVSSIKR,,,22.0,,CPPsite: a curated database of cell penetrating peptides,10.1093/database/bas015,natural_cpp,,,,
306,,KIAAKSIAKIWKSILKIA,,,18.0,,CPPsite: a curated database of cell penetrating peptides,10.1093/database/bas015,natural_cpp,,,,
312,,KKKEERADLIAYLKKA,,,16.0,,CPPsite: a curated database of cell penetrating peptides,10.1093/database/bas015,natural_cpp,,,,
318,,KKRRQRRR,,,8.0,,CPPsite: a curated database of cell penetrating peptides,10.1093/database/bas015,natural_cpp,,,,
322,,KLALKAAAKAWKAAAKAA,,,18.0,,CPPsite: a curated database of cell penetrating peptides,10.1093/database/bas015,natural_cpp,,,,
323,,KLALKAALKAWKAAAKLA,,,18.0,,CPPsite: a curated database of cell penetrating peptides,10.1093/database/bas015,natural_cpp,,,,
331,,KLALKLALKWAKLALKAA,,,18.0,,CPPsite: a curated database of cell penetrating peptides,10.1093/database/bas015,natural_cpp,,,,
333,,KLGLKLGLKGLKGGLKLG,,,18.0,,CPPsite: a curated database of cell penetrating peptides,10.1093/database/bas015,natural_cpp,,,,
341,,KLLAKAAKKWLLLALKAA,,,18.0,,CPPsite: a curated database of cell penetrating peptides,10.1093/database/bas015,natural_cpp,,,,
342,,KLLAKAALKWLLKALKAA,,,18.0,,CPPsite: a curated database of cell penetrating peptides,10.1093/database/bas015,natural_cpp,,,,
351,,KMDCRPRPKCCKK,,,13.0,,CPPsite: a curated database of cell penetrating peptides,10.1093/database/bas015,natural_cpp,,,,
358,,KMDCRWRWKSSKK,,,13.0,,CPPsite: a curated database of cell penetrating peptides,10.1093/database/bas015,natural_cpp,,,,
359,,KMDRWRWKKK,,,10.0,,CPPsite: a curated database of cell penetrating peptides,10.1093/database/bas015,natural_cpp,,,,
360,,KMDSRWRWKCCKK,,,13.0,,CPPsite: a curated database of cell penetrating peptides,10.1093/database/bas015,natural_cpp,,,,
362,,KMDSRWRWKSCKK,,,13.0,,CPPsite: a curated database of cell penetrating peptides,10.1093/database/bas015,natural_cpp,,,,
363,,KMDSRWRWKSSKK,,,13.0,,CPPsite: a curated database of cell penetrating peptides,10.1093/database/bas015,natural_cpp,,,,
364,,KMIFVGIKKK,,,10.0,,CPPsite: a curated database of cell penetrating peptides,10.1093/database/bas015,natural_cpp,,,,
365,,KMIFVGIKKKEERA,,,14.0,,CPPsite: a curated database of cell penetrating peptides,10.1093/database/bas015,natural_cpp,,,,
366,,KMTRAQRRAAARRNRWTARGC,,,21.0,,CPPsite: a curated database of cell penetrating peptides,10.1093/database/bas015,natural_cpp,,,,
369,,KRARNTEAARRSRARKLQRMKQGC,,,24.0,,CPPsite: a curated database of cell penetrating peptides,10.1093/database/bas015,natural_cpp,,,,
381,,KRRIRRERNKMAAAKSRNRRRELTDTGC,,,28.0,,CPPsite: a curated database of cell penetrating peptides,10.1093/database/bas015,natural_cpp,,,,
382,,KRRQRRR,,,7.0,,CPPsite: a curated database of cell penetrating peptides,10.1093/database/bas015,natural_cpp,,,,
385,,KSHAHAQKRIRRRLIILL,,,18.0,,CPPsite: a curated database of cell penetrating peptides,10.1093/database/bas015,natural_cpp,,,,
391,,LAIILRRRIRKQAHAHSK,,,18.0,,CPPsite: a curated database of cell penetrating peptides,10.1093/database/bas015,natural_cpp,,,,
393,,LDTYSPELFCTIRNFYDADRPDRGAAA,,,27.0,,CPPsite: a curated database of cell penetrating peptides,10.1093/database/bas015,natural_cpp,,,,
409,,LLAILRRRIRKQAHAHSK,,,18.0,,CPPsite: a curated database of cell penetrating peptides,10.1093/database/bas015,natural_cpp,,,,
412,,LLGKINLKALAALAKKIL,,,18.0,,CPPsite: a curated database of cell penetrating peptides,10.1093/database/bas015,natural_cpp,,,,
413,,LLIALRRRIRKQAHAHSK,,,18.0,,CPPsite: a curated database of cell penetrating peptides,10.1093/database/bas015,natural_cpp,,,,
414,,LLIIARRRIRKQAHAHSK,,,18.0,,CPPsite: a curated database of cell penetrating peptides,10.1093/database/bas015,natural_cpp,,,,
418,,LLIILRRRARKQAHAHSK,,,18.0,,CPPsite: a curated database of cell penetrating peptides,10.1093/database/bas015,natural_cpp,,,,
422,,LLIILRRRIRKQAAAHSK,,,18.0,,CPPsite: a curated database of cell penetrating peptides,10.1093/database/bas015,natural_cpp,,,,
432,,LNSAGYLLGKLKALAALAK,,,19.0,,CPPsite: a curated database of cell penetrating peptides,10.1093/database/bas015,natural_cpp,,,,
442,,MDAQTRRRERRAEKQAQWKAANGC,,,24.0,,CPPsite: a curated database of cell penetrating peptides,10.1093/database/bas015,natural_cpp,,,,
484,,NKPILVFY,,,8.0,,CPPsite: a curated database of cell penetrating peptides,10.1093/database/bas015,natural_cpp,,,,
486,,NNNAAGRKRKKRT,,,13.0,,CPPsite: a curated database of cell penetrating peptides,10.1093/database/bas015,natural_cpp,,,,
501,,PPRLPRPRPRPLPFPRPG,,,18.0,,CPPsite: a curated database of cell penetrating peptides,10.1093/database/bas015,natural_cpp,,,,
505,,PRPPRLPRPRPRPLPFPRPG,,,20.0,,CPPsite: a curated database of cell penetrating peptides,10.1093/database/bas015,natural_cpp,,,,
506,,PRPRPLPFPRPG,,,12.0,,CPPsite: a curated database of cell penetrating peptides,10.1093/database/bas015,natural_cpp,,,,
507,,PRPRPRPLPFPRPG,,,14.0,,CPPsite: a curated database of cell penetrating peptides,10.1093/database/bas015,natural_cpp,,,,
521,,QWQRNMRKVR,,,10.0,,CPPsite: a curated database of cell penetrating peptides,10.1093/database/bas015,natural_cpp,,,,
522,,QWQRNMRKVRGPPVSCIKR,,,19.0,,CPPsite: a curated database of cell penetrating peptides,10.1093/database/bas015,natural_cpp,,,,
525,,RAKRRQRRR,,,9.0,,CPPsite: a curated database of cell penetrating peptides,10.1093/database/bas015,natural_cpp,,,,
527,,RGGRLAYLRRRWAVLGR,,,17.0,,CPPsite: a curated database of cell penetrating peptides,10.1093/database/bas015,natural_cpp,,,,
540,,RKARRQRRR,,,9.0,,CPPsite: a curated database of cell penetrating peptides,10.1093/database/bas015,natural_cpp,,,,
541,,RKKARQRRR,,,9.0,,CPPsite: a curated database of cell penetrating peptides,10.1093/database/bas015,natural_cpp,,,,
542,,RKKRAQRRR,,,9.0,,CPPsite: a curated database of cell penetrating peptides,10.1093/database/bas015,natural_cpp,,,,
544,,RKKRRQARR,,,9.0,,CPPsite: a curated database of cell penetrating peptides,10.1093/database/bas015,natural_cpp,,,,
545,,RKKRRQR,,,7.0,,CPPsite: a curated database of cell penetrating peptides,10.1093/database/bas015,natural_cpp,,,,
546,,RKKRRQRAR,,,9.0,,CPPsite: a curated database of cell penetrating peptides,10.1093/database/bas015,natural_cpp,,,,
548,,RKKRRQRRA,,,9.0,,CPPsite: a curated database of cell penetrating peptides,10.1093/database/bas015,natural_cpp,,,,
557,,RLLMRLYSPTTRRYG,,,15.0,,CPPsite: a curated database of cell penetrating peptides,10.1093/database/bas015,natural_cpp,,,,
558,,RLPRPRPRPLPFPRPG,,,16.0,,CPPsite: a curated database of cell penetrating peptides,10.1093/database/bas015,natural_cpp,,,,
562,,RLWMAWYSPTTRRYG,,,15.0,,CPPsite: a curated database of cell penetrating peptides,10.1093/database/bas015,natural_cpp,,,,
563,,RLWMRAYSPTTRRYG,,,15.0,,CPPsite: a curated database of cell penetrating peptides,10.1093/database/bas015,natural_cpp,,,,
568,,RLWMRWYSPTTARYG,,,15.0,,CPPsite: a curated database of cell penetrating peptides,10.1093/database/bas015,natural_cpp,,,,
569,,RLWMRWYSPTTRAYG,,,15.0,,CPPsite: a curated database of cell penetrating peptides,10.1093/database/bas015,natural_cpp,,,,
573,,RLWMRWYSPWTRRWG,,,15.0,,CPPsite: a curated database of cell penetrating peptides,10.1093/database/bas015,natural_cpp,,,,
577,,RMKWKK,,,6.0,,CPPsite: a curated database of cell penetrating peptides,10.1093/database/bas015,natural_cpp,,,,
588,,RQIKIW,,,6.0,,CPPsite: a curated database of cell penetrating peptides,10.1093/database/bas015,natural_cpp,,,,
592,,RQIKIWFQ,,,8.0,,CPPsite: a curated database of cell penetrating peptides,10.1093/database/bas015,natural_cpp,,,,
594,,RQIKIWFQN,,,9.0,,CPPsite: a curated database of cell penetrating peptides,10.1093/database/bas015,natural_cpp,,,,
597,,RQIKIWFQNR,,,10.0,,CPPsite: a curated database of cell penetrating peptides,10.1093/database/bas015,natural_cpp,,,,
599,,RQIKIWFQNRR,,,11.0,,CPPsite: a curated database of cell penetrating peptides,10.1093/database/bas015,natural_cpp,,,,
602,,RQIKIWFQNRRMAWKK,,,16.0,,CPPsite: a curated database of cell penetrating peptides,10.1093/database/bas015,natural_cpp,,,,
606,,RQIKIWFQNRRMKWAK,,,16.0,,CPPsite: a curated database of cell penetrating peptides,10.1093/database/bas015,natural_cpp,,,,
608,,RQIKIWFQNRRMKWKA,,,16.0,,CPPsite: a curated database of cell penetrating peptides,10.1093/database/bas015,natural_cpp,,,,
618,,RRIRPRP,,,7.0,,CPPsite: a curated database of cell penetrating peptides,10.1093/database/bas015,natural_cpp,,,,
620,,RRIRPRPPRLPRPRPRP,,,17.0,,CPPsite: a curated database of cell penetrating peptides,10.1093/database/bas015,natural_cpp,,,,
621,,RRIRPRPPRLPRPRPRPLPFPRPG,,,24.0,,CPPsite: a curated database of cell penetrating peptides,10.1093/database/bas015,natural_cpp,,,,
623,,RRLSYSRRRF,,,10.0,,CPPsite: a curated database of cell penetrating peptides,10.1093/database/bas015,natural_cpp,,,,
631,,RRRRR,,,5.0,,CPPsite: a curated database of cell penetrating peptides,10.1093/database/bas015,natural_cpp,,,,
637,,RRRRRRRRRRRR,,,12.0,,CPPsite: a curated database of cell penetrating peptides,10.1093/database/bas015,natural_cpp,,,,
638,,RRRRRRRRRRRRRRRR,,,16.0,,CPPsite: a curated database of cell penetrating peptides,10.1093/database/bas015,natural_cpp,,,,
643,,RSVTTEINTLFQTLTSIAEKVDP,,,23.0,,CPPsite: a curated database of cell penetrating peptides,10.1093/database/bas015,natural_cpp,,,,
650,,RVRILARFLRTRV,,,13.0,,CPPsite: a curated database of cell penetrating peptides,10.1093/database/bas015,natural_cpp,,,,
663,,SKKKKTKV,,,8.0,,CPPsite: a curated database of cell penetrating peptides,10.1093/database/bas015,natural_cpp,,,,
683,,SRWRWKCSKK,,,10.0,,CPPsite: a curated database of cell penetrating peptides,10.1093/database/bas015,natural_cpp,,,,
684,,SRWRWKSCKK,,,10.0,,CPPsite: a curated database of cell penetrating peptides,10.1093/database/bas015,natural_cpp,,,,
685,,SRWRWKSSKK,,,10.0,,CPPsite: a curated database of cell penetrating peptides,10.1093/database/bas015,natural_cpp,,,,
691,,TAKTRYKARRAELIAERRGC,,,20.0,,CPPsite: a curated database of cell penetrating peptides,10.1093/database/bas015,natural_cpp,,,,
692,,TARRITPKDVIDVRSVTTEINT,,,22.0,,CPPsite: a curated database of cell penetrating peptides,10.1093/database/bas015,natural_cpp,,,,
694,,TKAARITPKDVIDVRSVTTEINT,,,23.0,,CPPsite: a curated database of cell penetrating peptides,10.1093/database/bas015,natural_cpp,,,,
695,,TKRRITPDDVIDVRSVTTEINT,,,22.0,,CPPsite: a curated database of cell penetrating peptides,10.1093/database/bas015,natural_cpp,,,,
696,,TKRRITPKDVIDV,,,13.0,,CPPsite: a curated database of cell penetrating peptides,10.1093/database/bas015,natural_cpp,,,,
697,,TKRRITPKDVIDVESVTTEINT,,,22.0,,CPPsite: a curated database of cell penetrating peptides,10.1093/database/bas015,natural_cpp,,,,
705,,TRRQRTRRARRNRGC,,,15.0,,CPPsite: a curated database of cell penetrating peptides,10.1093/database/bas015,natural_cpp,,,,
711,,VHLPPP,,,6.0,,CPPsite: a curated database of cell penetrating peptides,10.1093/database/bas015,natural_cpp,,,,
712,,VHLPPPVHLPPP,,,12.0,,CPPsite: a curated database of cell penetrating peptides,10.1093/database/bas015,natural_cpp,,,,
713,,VHLPPPVHLPPPVHLPPP,,,18.0,,CPPsite: a curated database of cell penetrating peptides,10.1093/database/bas015,natural_cpp,,,,
714,,VIRVHFRLPVRTV,,,13.0,,CPPsite: a curated database of cell penetrating peptides,10.1093/database/bas015,natural_cpp,,,,
715,,VKLPPP,,,6.0,,CPPsite: a curated database of cell penetrating peptides,10.1093/database/bas015,natural_cpp,,,,
716,,VKLPPPVKLPPP,,,12.0,,CPPsite: a curated database of cell penetrating peptides,10.1093/database/bas015,natural_cpp,,,,
718,,VKRGLKLRHVRPRVTRMDV,,,19.0,,CPPsite: a curated database of cell penetrating peptides,10.1093/database/bas015,natural_cpp,,,,
721,,VNADIKATTVFGGKYVSLTTP,,,21.0,,CPPsite: a curated database of cell penetrating peptides,10.1093/database/bas015,natural_cpp,,,,
731,,VRLPPP,,,6.0,,CPPsite: a curated database of cell penetrating peptides,10.1093/database/bas015,natural_cpp,,,,
732,,VRLPPPVRLPPP,,,12.0,,CPPsite: a curated database of cell penetrating peptides,10.1093/database/bas015,natural_cpp,,,,
781,,YYYAAGRKRKKRT,,,13.0,,CPPsite: a curated database of cell penetrating peptides,10.1093/database/bas015,natural_cpp,,,,
1181,,KQIKIWFQNKKMKWKK,,,16.0,,In silico approaches for designing highly effective cell penetrating peptides,10.1186/1479-5876-11-74,natural_cpp,,,,
181,,KKKQYTSIHHGVVEVD,-,,16.0,,,,,182.0,182.0,-,
